[
  {
    "login": "myobie",
    "id": 179,
    "avatar_url": "https://avatars.githubusercontent.com/u/179?v=3",
    "gravatar_id": "",
    "url": "https://api.github.com/users/myobie",
    "html_url": "https://github.com/myobie",
    "followers_url": "https://api.github.com/users/myobie/followers",
    "following_url": "https://api.github.com/users/myobie/following{/other_user}",
    "gists_url": "https://api.github.com/users/myobie/gists{/gist_id}",
    "starred_url": "https://api.github.com/users/myobie/starred{/owner}{/repo}",
    "subscriptions_url": "https://api.github.com/users/myobie/subscriptions",
    "organizations_url": "https://api.github.com/users/myobie/orgs",
    "repos_url": "https://api.github.com/users/myobie/repos",
    "events_url": "https://api.github.com/users/myobie/events{/privacy}",
    "received_events_url": "https://api.github.com/users/myobie/received_events",
    "type": "User",
    "site_admin": false
  },
  {
    "login": "samgranieri",
    "id": 180,
    "avatar_url": "https://avatars.githubusercontent.com/u/180?v=3",
    "gravatar_id": "",
    "url": "https://api.github.com/users/samgranieri",
    "html_url": "https://github.com/samgranieri",
    "followers_url": "https://api.github.com/users/samgranieri/followers",
    "following_url": "https://api.github.com/users/samgranieri/following{/other_user}",
    "gists_url": "https://api.github.com/users/samgranieri/gists{/gist_id}",
    "starred_url": "https://api.github.com/users/samgranieri/starred{/owner}{/repo}",
    "subscriptions_url": "https://api.github.com/users/samgranieri/subscriptions",
    "organizations_url": "https://api.github.com/users/samgranieri/orgs",
    "repos_url": "https://api.github.com/users/samgranieri/repos",
    "events_url": "https://api.github.com/users/samgranieri/events{/privacy}",
    "received_events_url": "https://api.github.com/users/samgranieri/received_events",
    "type": "User",
    "site_admin": false
  },
  {
    "login": "adam",
    "id": 181,
    "avatar_url": "https://avatars.githubusercontent.com/u/181?v=3",
    "gravatar_id": "",
    "url": "https://api.github.com/users/adam",
    "html_url": "https://github.com/adam",
    "followers_url": "https://api.github.com/users/adam/followers",
    "following_url": "https://api.github.com/users/adam/following{/other_user}",
    "gists_url": "https://api.github.com/users/adam/gists{/gist_id}",
    "starred_url": "https://api.github.com/users/adam/starred{/owner}{/repo}",
    "subscriptions_url": "https://api.github.com/users/adam/subscriptions",
    "organizations_url": "https://api.github.com/users/adam/orgs",
    "repos_url": "https://api.github.com/users/adam/repos",
    "events_url": "https://api.github.com/users/adam/events{/privacy}",
    "received_events_url": "https://api.github.com/users/adam/received_events",
    "type": "User",
    "site_admin": false
  },
  {
    "login": "mtodd",
    "id": 182,
    "avatar_url": "https://avatars.githubusercontent.com/u/182?v=3",
    "gravatar_id": "",
    "url": "https://api.github.com/users/mtodd",
    "html_url": "https://github.com/mtodd",
    "followers_url": "https://api.github.com/users/mtodd/followers",
    "following_url": "https://api.github.com/users/mtodd/following{/other_user}",
    "gists_url": "https://api.github.com/users/mtodd/gists{/gist_id}",
    "starred_url": "https://api.github.com/users/mtodd/starred{/owner}{/repo}",
    "subscriptions_url": "https://api.github.com/users/mtodd/subscriptions",
    "organizations_url": "https://api.github.com/users/mtodd/orgs",
    "repos_url": "https://api.github.com/users/mtodd/repos",
    "events_url": "https://api.github.com/users/mtodd/events{/privacy}",
    "received_events_url": "https://api.github.com/users/mtodd/received_events",
    "type": "User",
    "site_admin": true
  },
  {
    "login": "timcharper",
    "id": 183,
    "avatar_url": "https://avatars.githubusercontent.com/u/183?v=3",
    "gravatar_id": "",
    "url": "https://api.github.com/users/timcharper",
    "html_url": "https://github.com/timcharper",
    "followers_url": "https://api.github.com/users/timcharper/followers",
    "following_url": "https://api.github.com/users/timcharper/following{/other_user}",
    "gists_url": "https://api.github.com/users/timcharper/gists{/gist_id}",
    "starred_url": "https://api.github.com/users/timcharper/starred{/owner}{/repo}",
    "subscriptions_url": "https://api.github.com/users/timcharper/subscriptions",
    "organizations_url": "https://api.github.com/users/timcharper/orgs",
    "repos_url": "https://api.github.com/users/timcharper/repos",
    "events_url": "https://api.github.com/users/timcharper/events{/privacy}",
    "received_events_url": "https://api.github.com/users/timcharper/received_events",
    "type": "User",
    "site_admin": false
  },
  {
    "login": "paul",
    "id": 184,
    "avatar_url": "https://avatars.githubusercontent.com/u/184?v=3",
    "gravatar_id": "",
    "url": "https://api.github.com/users/paul",
    "html_url": "https://github.com/paul",
    "followers_url": "https://api.github.com/users/paul/followers",
    "following_url": "https://api.github.com/users/paul/following{/other_user}",
    "gists_url": "https://api.github.com/users/paul/gists{/gist_id}",
    "starred_url": "https://api.github.com/users/paul/starred{/owner}{/repo}",
    "subscriptions_url": "https://api.github.com/users/paul/subscriptions",
    "organizations_url": "https://api.github.com/users/paul/orgs",
    "repos_url": "https://api.github.com/users/paul/repos",
    "events_url": "https://api.github.com/users/paul/events{/privacy}",
    "received_events_url": "https://api.github.com/users/paul/received_events",
    "type": "User",
    "site_admin": false
  },
  {
    "login": "DocSavage",
    "id": 185,
    "avatar_url": "https://avatars.githubusercontent.com/u/185?v=3",
    "gravatar_id": "",
    "url": "https://api.github.com/users/DocSavage",
    "html_url": "https://github.com/DocSavage",
    "followers_url": "https://api.github.com/users/DocSavage/followers",
    "following_url": "https://api.github.com/users/DocSavage/following{/other_user}",
    "gists_url": "https://api.github.com/users/DocSavage/gists{/gist_id}",
    "starred_url": "https://api.github.com/users/DocSavage/starred{/owner}{/repo}",
    "subscriptions_url": "https://api.github.com/users/DocSavage/subscriptions",
    "organizations_url": "https://api.github.com/users/DocSavage/orgs",
    "repos_url": "https://api.github.com/users/DocSavage/repos",
    "events_url": "https://api.github.com/users/DocSavage/events{/privacy}",
    "received_events_url": "https://api.github.com/users/DocSavage/received_events",
    "type": "User",
    "site_admin": false
  },
  {
    "login": "shane",
    "id": 186,
    "avatar_url": "https://avatars.githubusercontent.com/u/186?v=3",
    "gravatar_id": "",
    "url": "https://api.github.com/users/shane",
    "html_url": "https://github.com/shane",
    "followers_url": "https://api.github.com/users/shane/followers",
    "following_url": "https://api.github.com/users/shane/following{/other_user}",
    "gists_url": "https://api.github.com/users/shane/gists{/gist_id}",
    "starred_url": "https://api.github.com/users/shane/starred{/owner}{/repo}",
    "subscriptions_url": "https://api.github.com/users/shane/subscriptions",
    "organizations_url": "https://api.github.com/users/shane/orgs",
    "repos_url": "https://api.github.com/users/shane/repos",
    "events_url": "https://api.github.com/users/shane/events{/privacy}",
    "received_events_url": "https://api.github.com/users/shane/received_events",
    "type": "User",
    "site_admin": false
  },
  {
    "login": "vlucas",
    "id": 187,
    "avatar_url": "https://avatars.githubusercontent.com/u/187?v=3",
    "gravatar_id": "",
    "url": "https://api.github.com/users/vlucas",
    "html_url": "https://github.com/vlucas",
    "followers_url": "https://api.github.com/users/vlucas/followers",
    "following_url": "https://api.github.com/users/vlucas/following{/other_user}",
    "gists_url": "https://api.github.com/users/vlucas/gists{/gist_id}",
    "starred_url": "https://api.github.com/users/vlucas/starred{/owner}{/repo}",
    "subscriptions_url": "https://api.github.com/users/vlucas/subscriptions",
    "organizations_url": "https://api.github.com/users/vlucas/orgs",
    "repos_url": "https://api.github.com/users/vlucas/repos",
    "events_url": "https://api.github.com/users/vlucas/events{/privacy}",
    "received_events_url": "https://api.github.com/users/vlucas/received_events",
    "type": "User",
    "site_admin": false
  },
  {
    "login": "nex3",
    "id": 188,
    "avatar_url": "https://avatars.githubusercontent.com/u/188?v=3",
    "gravatar_id": "",
    "url": "https://api.github.com/users/nex3",
    "html_url": "https://github.com/nex3",
    "followers_url": "https://api.github.com/users/nex3/followers",
    "following_url": "https://api.github.com/users/nex3/following{/other_user}",
    "gists_url": "https://api.github.com/users/nex3/gists{/gist_id}",
    "starred_url": "https://api.github.com/users/nex3/starred{/owner}{/repo}",
    "subscriptions_url": "https://api.github.com/users/nex3/subscriptions",
    "organizations_url": "https://api.github.com/users/nex3/orgs",
    "repos_url": "https://api.github.com/users/nex3/repos",
    "events_url": "https://api.github.com/users/nex3/events{/privacy}",
    "received_events_url": "https://api.github.com/users/nex3/received_events",
    "type": "User",
    "site_admin": false
  },
  {
    "login": "max-xx",
    "id": 189,
    "avatar_url": "https://avatars.githubusercontent.com/u/189?v=3",
    "gravatar_id": "",
    "url": "https://api.github.com/users/max-xx",
    "html_url": "https://github.com/max-xx",
    "followers_url": "https://api.github.com/users/max-xx/followers",
    "following_url": "https://api.github.com/users/max-xx/following{/other_user}",
    "gists_url": "https://api.github.com/users/max-xx/gists{/gist_id}",
    "starred_url": "https://api.github.com/users/max-xx/starred{/owner}{/repo}",
    "subscriptions_url": "https://api.github.com/users/max-xx/subscriptions",
    "organizations_url": "https://api.github.com/users/max-xx/orgs",
    "repos_url": "https://api.github.com/users/max-xx/repos",
    "events_url": "https://api.github.com/users/max-xx/events{/privacy}",
    "received_events_url": "https://api.github.com/users/max-xx/received_events",
    "type": "User",
    "site_admin": false
  },
  {
    "login": "norbauer",
    "id": 190,
    "avatar_url": "https://avatars.githubusercontent.com/u/190?v=3",
    "gravatar_id": "",
    "url": "https://api.github.com/users/norbauer",
    "html_url": "https://github.com/norbauer",
    "followers_url": "https://api.github.com/users/norbauer/followers",
    "following_url": "https://api.github.com/users/norbauer/following{/other_user}",
    "gists_url": "https://api.github.com/users/norbauer/gists{/gist_id}",
    "starred_url": "https://api.github.com/users/norbauer/starred{/owner}{/repo}",
    "subscriptions_url": "https://api.github.com/users/norbauer/subscriptions",
    "organizations_url": "https://api.github.com/users/norbauer/orgs",
    "repos_url": "https://api.github.com/users/norbauer/repos",
    "events_url": "https://api.github.com/users/norbauer/events{/privacy}",
    "received_events_url": "https://api.github.com/users/norbauer/received_events",
    "type": "User",
    "site_admin": false
  },
  {
    "login": "crigor",
    "id": 191,
    "avatar_url": "https://avatars.githubusercontent.com/u/191?v=3",
    "gravatar_id": "",
    "url": "https://api.github.com/users/crigor",
    "html_url": "https://github.com/crigor",
    "followers_url": "https://api.github.com/users/crigor/followers",
    "following_url": "https://api.github.com/users/crigor/following{/other_user}",
    "gists_url": "https://api.github.com/users/crigor/gists{/gist_id}",
    "starred_url": "https://api.github.com/users/crigor/starred{/owner}{/repo}",
    "subscriptions_url": "https://api.github.com/users/crigor/subscriptions",
    "organizations_url": "https://api.github.com/users/crigor/orgs",
    "repos_url": "https://api.github.com/users/crigor/repos",
    "events_url": "https://api.github.com/users/crigor/events{/privacy}",
    "received_events_url": "https://api.github.com/users/crigor/received_events",
    "type": "User",
    "site_admin": false
  },
  {
    "login": "knowtheory",
    "id": 192,
    "avatar_url": "https://avatars.githubusercontent.com/u/192?v=3",
    "gravatar_id": "",
    "url": "https://api.github.com/users/knowtheory",
    "html_url": "https://github.com/knowtheory",
    "followers_url": "https://api.github.com/users/knowtheory/followers",
    "following_url": "https://api.github.com/users/knowtheory/following{/other_user}",
    "gists_url": "https://api.github.com/users/knowtheory/gists{/gist_id}",
    "starred_url": "https://api.github.com/users/knowtheory/starred{/owner}{/repo}",
    "subscriptions_url": "https://api.github.com/users/knowtheory/subscriptions",
    "organizations_url": "https://api.github.com/users/knowtheory/orgs",
    "repos_url": "https://api.github.com/users/knowtheory/repos",
    "events_url": "https://api.github.com/users/knowtheory/events{/privacy}",
    "received_events_url": "https://api.github.com/users/knowtheory/received_events",
    "type": "User",
    "site_admin": false
  },
  {
    "login": "bernerdschaefer",
    "id": 193,
    "avatar_url": "https://avatars.githubusercontent.com/u/193?v=3",
    "gravatar_id": "",
    "url": "https://api.github.com/users/bernerdschaefer",
    "html_url": "https://github.com/bernerdschaefer",
    "followers_url": "https://api.github.com/users/bernerdschaefer/followers",
    "following_url": "https://api.github.com/users/bernerdschaefer/following{/other_user}",
    "gists_url": "https://api.github.com/users/bernerdschaefer/gists{/gist_id}",
    "starred_url": "https://api.github.com/users/bernerdschaefer/starred{/owner}{/repo}",
    "subscriptions_url": "https://api.github.com/users/bernerdschaefer/subscriptions",
    "organizations_url": "https://api.github.com/users/bernerdschaefer/orgs",
    "repos_url": "https://api.github.com/users/bernerdschaefer/repos",
    "events_url": "https://api.github.com/users/bernerdschaefer/events{/privacy}",
    "received_events_url": "https://api.github.com/users/bernerdschaefer/received_events",
    "type": "User",
    "site_admin": false
  },
  {
    "login": "zapnap",
    "id": 194,
    "avatar_url": "https://avatars.githubusercontent.com/u/194?v=3",
    "gravatar_id": "",
    "url": "https://api.github.com/users/zapnap",
    "html_url": "https://github.com/zapnap",
    "followers_url": "https://api.github.com/users/zapnap/followers",
    "following_url": "https://api.github.com/users/zapnap/following{/other_user}",
    "gists_url": "https://api.github.com/users/zapnap/gists{/gist_id}",
    "starred_url": "https://api.github.com/users/zapnap/starred{/owner}{/repo}",
    "subscriptions_url": "https://api.github.com/users/zapnap/subscriptions",
    "organizations_url": "https://api.github.com/users/zapnap/orgs",
    "repos_url": "https://api.github.com/users/zapnap/repos",
    "events_url": "https://api.github.com/users/zapnap/events{/privacy}",
    "received_events_url": "https://api.github.com/users/zapnap/received_events",
    "type": "User",
    "site_admin": false
  },
  {
    "login": "testdude",
    "id": 195,
    "avatar_url": "https://avatars.githubusercontent.com/u/195?v=3",
    "gravatar_id": "",
    "url": "https://api.github.com/users/testdude",
    "html_url": "https://github.com/testdude",
    "followers_url": "https://api.github.com/users/testdude/followers",
    "following_url": "https://api.github.com/users/testdude/following{/other_user}",
    "gists_url": "https://api.github.com/users/testdude/gists{/gist_id}",
    "starred_url": "https://api.github.com/users/testdude/starred{/owner}{/repo}",
    "subscriptions_url": "https://api.github.com/users/testdude/subscriptions",
    "organizations_url": "https://api.github.com/users/testdude/orgs",
    "repos_url": "https://api.github.com/users/testdude/repos",
    "events_url": "https://api.github.com/users/testdude/events{/privacy}",
    "received_events_url": "https://api.github.com/users/testdude/received_events",
    "type": "User",
    "site_admin": false
  },
  {
    "login": "galinv",
    "id": 196,
    "avatar_url": "https://avatars.githubusercontent.com/u/196?v=3",
    "gravatar_id": "",
    "url": "https://api.github.com/users/galinv",
    "html_url": "https://github.com/galinv",
    "followers_url": "https://api.github.com/users/galinv/followers",
    "following_url": "https://api.github.com/users/galinv/following{/other_user}",
    "gists_url": "https://api.github.com/users/galinv/gists{/gist_id}",
    "starred_url": "https://api.github.com/users/galinv/starred{/owner}{/repo}",
    "subscriptions_url": "https://api.github.com/users/galinv/subscriptions",
    "organizations_url": "https://api.github.com/users/galinv/orgs",
    "repos_url": "https://api.github.com/users/galinv/repos",
    "events_url": "https://api.github.com/users/galinv/events{/privacy}",
    "received_events_url": "https://api.github.com/users/galinv/received_events",
    "type": "User",
    "site_admin": false
  },
  {
    "login": "NZKoz",
    "id": 197,
    "avatar_url": "https://avatars.githubusercontent.com/u/197?v=3",
    "gravatar_id": "",
    "url": "https://api.github.com/users/NZKoz",
    "html_url": "https://github.com/NZKoz",
    "followers_url": "https://api.github.com/users/NZKoz/followers",
    "following_url": "https://api.github.com/users/NZKoz/following{/other_user}",
    "gists_url": "https://api.github.com/users/NZKoz/gists{/gist_id}",
    "starred_url": "https://api.github.com/users/NZKoz/starred{/owner}{/repo}",
    "subscriptions_url": "https://api.github.com/users/NZKoz/subscriptions",
    "organizations_url": "https://api.github.com/users/NZKoz/orgs",
    "repos_url": "https://api.github.com/users/NZKoz/repos",
    "events_url": "https://api.github.com/users/NZKoz/events{/privacy}",
    "received_events_url": "https://api.github.com/users/NZKoz/received_events",
    "type": "User",
    "site_admin": false
  },
  {
    "login": "croaky",
    "id": 198,
    "avatar_url": "https://avatars.githubusercontent.com/u/198?v=3",
    "gravatar_id": "",
    "url": "https://api.github.com/users/croaky",
    "html_url": "https://github.com/croaky",
    "followers_url": "https://api.github.com/users/croaky/followers",
    "following_url": "https://api.github.com/users/croaky/following{/other_user}",
    "gists_url": "https://api.github.com/users/croaky/gists{/gist_id}",
    "starred_url": "https://api.github.com/users/croaky/starred{/owner}{/repo}",
    "subscriptions_url": "https://api.github.com/users/croaky/subscriptions",
    "organizations_url": "https://api.github.com/users/croaky/orgs",
    "repos_url": "https://api.github.com/users/croaky/repos",
    "events_url": "https://api.github.com/users/croaky/events{/privacy}",
    "received_events_url": "https://api.github.com/users/croaky/received_events",
    "type": "User",
    "site_admin": false
  },
  {
    "login": "jeremy",
    "id": 199,
    "avatar_url": "https://avatars.githubusercontent.com/u/199?v=3",
    "gravatar_id": "",
    "url": "https://api.github.com/users/jeremy",
    "html_url": "https://github.com/jeremy",
    "followers_url": "https://api.github.com/users/jeremy/followers",
    "following_url": "https://api.github.com/users/jeremy/following{/other_user}",
    "gists_url": "https://api.github.com/users/jeremy/gists{/gist_id}",
    "starred_url": "https://api.github.com/users/jeremy/starred{/owner}{/repo}",
    "subscriptions_url": "https://api.github.com/users/jeremy/subscriptions",
    "organizations_url": "https://api.github.com/users/jeremy/orgs",
    "repos_url": "https://api.github.com/users/jeremy/repos",
    "events_url": "https://api.github.com/users/jeremy/events{/privacy}",
    "received_events_url": "https://api.github.com/users/jeremy/received_events",
    "type": "User",
    "site_admin": false
  },
  {
    "login": "ELLIOTTCABLE",
    "id": 200,
    "avatar_url": "https://avatars.githubusercontent.com/u/200?v=3",
    "gravatar_id": "",
    "url": "https://api.github.com/users/ELLIOTTCABLE",
    "html_url": "https://github.com/ELLIOTTCABLE",
    "followers_url": "https://api.github.com/users/ELLIOTTCABLE/followers",
    "following_url": "https://api.github.com/users/ELLIOTTCABLE/following{/other_user}",
    "gists_url": "https://api.github.com/users/ELLIOTTCABLE/gists{/gist_id}",
    "starred_url": "https://api.github.com/users/ELLIOTTCABLE/starred{/owner}{/repo}",
    "subscriptions_url": "https://api.github.com/users/ELLIOTTCABLE/subscriptions",
    "organizations_url": "https://api.github.com/users/ELLIOTTCABLE/orgs",
    "repos_url": "https://api.github.com/users/ELLIOTTCABLE/repos",
    "events_url": "https://api.github.com/users/ELLIOTTCABLE/events{/privacy}",
    "received_events_url": "https://api.github.com/users/ELLIOTTCABLE/received_events",
    "type": "User",
    "site_admin": false
  },
  {
    "login": "monde",
    "id": 201,
    "avatar_url": "https://avatars.githubusercontent.com/u/201?v=3",
    "gravatar_id": "",
    "url": "https://api.github.com/users/monde",
    "html_url": "https://github.com/monde",
    "followers_url": "https://api.github.com/users/monde/followers",
    "following_url": "https://api.github.com/users/monde/following{/other_user}",
    "gists_url": "https://api.github.com/users/monde/gists{/gist_id}",
    "starred_url": "https://api.github.com/users/monde/starred{/owner}{/repo}",
    "subscriptions_url": "https://api.github.com/users/monde/subscriptions",
    "organizations_url": "https://api.github.com/users/monde/orgs",
    "repos_url": "https://api.github.com/users/monde/repos",
    "events_url": "https://api.github.com/users/monde/events{/privacy}",
    "received_events_url": "https://api.github.com/users/monde/received_events",
    "type": "User",
    "site_admin": false
  },
  {
    "login": "ryanbriones",
    "id": 202,
    "avatar_url": "https://avatars.githubusercontent.com/u/202?v=3",
    "gravatar_id": "",
    "url": "https://api.github.com/users/ryanbriones",
    "html_url": "https://github.com/ryanbriones",
    "followers_url": "https://api.github.com/users/ryanbriones/followers",
    "following_url": "https://api.github.com/users/ryanbriones/following{/other_user}",
    "gists_url": "https://api.github.com/users/ryanbriones/gists{/gist_id}",
    "starred_url": "https://api.github.com/users/ryanbriones/starred{/owner}{/repo}",
    "subscriptions_url": "https://api.github.com/users/ryanbriones/subscriptions",
    "organizations_url": "https://api.github.com/users/ryanbriones/orgs",
    "repos_url": "https://api.github.com/users/ryanbriones/repos",
    "events_url": "https://api.github.com/users/ryanbriones/events{/privacy}",
    "received_events_url": "https://api.github.com/users/ryanbriones/received_events",
    "type": "User",
    "site_admin": false
  },
  {
    "login": "wfarr",
    "id": 203,
    "avatar_url": "https://avatars.githubusercontent.com/u/203?v=3",
    "gravatar_id": "",
    "url": "https://api.github.com/users/wfarr",
    "html_url": "https://github.com/wfarr",
    "followers_url": "https://api.github.com/users/wfarr/followers",
    "following_url": "https://api.github.com/users/wfarr/following{/other_user}",
    "gists_url": "https://api.github.com/users/wfarr/gists{/gist_id}",
    "starred_url": "https://api.github.com/users/wfarr/starred{/owner}{/repo}",
    "subscriptions_url": "https://api.github.com/users/wfarr/subscriptions",
    "organizations_url": "https://api.github.com/users/wfarr/orgs",
    "repos_url": "https://api.github.com/users/wfarr/repos",
    "events_url": "https://api.github.com/users/wfarr/events{/privacy}",
    "received_events_url": "https://api.github.com/users/wfarr/received_events",
    "type": "User",
    "site_admin": false
  },
  {
    "login": "jseifer",
    "id": 204,
    "avatar_url": "https://avatars.githubusercontent.com/u/204?v=3",
    "gravatar_id": "",
    "url": "https://api.github.com/users/jseifer",
    "html_url": "https://github.com/jseifer",
    "followers_url": "https://api.github.com/users/jseifer/followers",
    "following_url": "https://api.github.com/users/jseifer/following{/other_user}",
    "gists_url": "https://api.github.com/users/jseifer/gists{/gist_id}",
    "starred_url": "https://api.github.com/users/jseifer/starred{/owner}{/repo}",
    "subscriptions_url": "https://api.github.com/users/jseifer/subscriptions",
    "organizations_url": "https://api.github.com/users/jseifer/orgs",
    "repos_url": "https://api.github.com/users/jseifer/repos",
    "events_url": "https://api.github.com/users/jseifer/events{/privacy}",
    "received_events_url": "https://api.github.com/users/jseifer/received_events",
    "type": "User",
    "site_admin": false
  },
  {
    "login": "symlink",
    "id": 205,
    "avatar_url": "https://avatars.githubusercontent.com/u/205?v=3",
    "gravatar_id": "",
    "url": "https://api.github.com/users/symlink",
    "html_url": "https://github.com/symlink",
    "followers_url": "https://api.github.com/users/symlink/followers",
    "following_url": "https://api.github.com/users/symlink/following{/other_user}",
    "gists_url": "https://api.github.com/users/symlink/gists{/gist_id}",
    "starred_url": "https://api.github.com/users/symlink/starred{/owner}{/repo}",
    "subscriptions_url": "https://api.github.com/users/symlink/subscriptions",
    "organizations_url": "https://api.github.com/users/symlink/orgs",
    "repos_url": "https://api.github.com/users/symlink/repos",
    "events_url": "https://api.github.com/users/symlink/events{/privacy}",
    "received_events_url": "https://api.github.com/users/symlink/received_events",
    "type": "User",
    "site_admin": false
  },
  {
    "login": "sprsquish",
    "id": 206,
    "avatar_url": "https://avatars.githubusercontent.com/u/206?v=3",
    "gravatar_id": "",
    "url": "https://api.github.com/users/sprsquish",
    "html_url": "https://github.com/sprsquish",
    "followers_url": "https://api.github.com/users/sprsquish/followers",
    "following_url": "https://api.github.com/users/sprsquish/following{/other_user}",
    "gists_url": "https://api.github.com/users/sprsquish/gists{/gist_id}",
    "starred_url": "https://api.github.com/users/sprsquish/starred{/owner}{/repo}",
    "subscriptions_url": "https://api.github.com/users/sprsquish/subscriptions",
    "organizations_url": "https://api.github.com/users/sprsquish/orgs",
    "repos_url": "https://api.github.com/users/sprsquish/repos",
    "events_url": "https://api.github.com/users/sprsquish/events{/privacy}",
    "received_events_url": "https://api.github.com/users/sprsquish/received_events",
    "type": "User",
    "site_admin": false
  },
  {
    "login": "codahale",
    "id": 207,
    "avatar_url": "https://avatars.githubusercontent.com/u/207?v=3",
    "gravatar_id": "",
    "url": "https://api.github.com/users/codahale",
    "html_url": "https://github.com/codahale",
    "followers_url": "https://api.github.com/users/codahale/followers",
    "following_url": "https://api.github.com/users/codahale/following{/other_user}",
    "gists_url": "https://api.github.com/users/codahale/gists{/gist_id}",
    "starred_url": "https://api.github.com/users/codahale/starred{/owner}{/repo}",
    "subscriptions_url": "https://api.github.com/users/codahale/subscriptions",
    "organizations_url": "https://api.github.com/users/codahale/orgs",
    "repos_url": "https://api.github.com/users/codahale/repos",
    "events_url": "https://api.github.com/users/codahale/events{/privacy}",
    "received_events_url": "https://api.github.com/users/codahale/received_events",
    "type": "User",
    "site_admin": false
  },
  {
    "login": "zackchandler",
    "id": 208,
    "avatar_url": "https://avatars.githubusercontent.com/u/208?v=3",
    "gravatar_id": "",
    "url": "https://api.github.com/users/zackchandler",
    "html_url": "https://github.com/zackchandler",
    "followers_url": "https://api.github.com/users/zackchandler/followers",
    "following_url": "https://api.github.com/users/zackchandler/following{/other_user}",
    "gists_url": "https://api.github.com/users/zackchandler/gists{/gist_id}",
    "starred_url": "https://api.github.com/users/zackchandler/starred{/owner}{/repo}",
    "subscriptions_url": "https://api.github.com/users/zackchandler/subscriptions",
    "organizations_url": "https://api.github.com/users/zackchandler/orgs",
    "repos_url": "https://api.github.com/users/zackchandler/repos",
    "events_url": "https://api.github.com/users/zackchandler/events{/privacy}",
    "received_events_url": "https://api.github.com/users/zackchandler/received_events",
    "type": "User",
    "site_admin": false
  },
  {
    "login": "jakehow",
    "id": 209,
    "avatar_url": "https://avatars.githubusercontent.com/u/209?v=3",
    "gravatar_id": "",
    "url": "https://api.github.com/users/jakehow",
    "html_url": "https://github.com/jakehow",
    "followers_url": "https://api.github.com/users/jakehow/followers",
    "following_url": "https://api.github.com/users/jakehow/following{/other_user}",
    "gists_url": "https://api.github.com/users/jakehow/gists{/gist_id}",
    "starred_url": "https://api.github.com/users/jakehow/starred{/owner}{/repo}",
    "subscriptions_url": "https://api.github.com/users/jakehow/subscriptions",
    "organizations_url": "https://api.github.com/users/jakehow/orgs",
    "repos_url": "https://api.github.com/users/jakehow/repos",
    "events_url": "https://api.github.com/users/jakehow/events{/privacy}",
    "received_events_url": "https://api.github.com/users/jakehow/received_events",
    "type": "User",
    "site_admin": false
  },
  {
    "login": "evan",
    "id": 210,
    "avatar_url": "https://avatars.githubusercontent.com/u/210?v=3",
    "gravatar_id": "",
    "url": "https://api.github.com/users/evan",
    "html_url": "https://github.com/evan",
    "followers_url": "https://api.github.com/users/evan/followers",
    "following_url": "https://api.github.com/users/evan/following{/other_user}",
    "gists_url": "https://api.github.com/users/evan/gists{/gist_id}",
    "starred_url": "https://api.github.com/users/evan/starred{/owner}{/repo}",
    "subscriptions_url": "https://api.github.com/users/evan/subscriptions",
    "organizations_url": "https://api.github.com/users/evan/orgs",
    "repos_url": "https://api.github.com/users/evan/repos",
    "events_url": "https://api.github.com/users/evan/events{/privacy}",
    "received_events_url": "https://api.github.com/users/evan/received_events",
    "type": "User",
    "site_admin": false
  },
  {
    "login": "olleolleolle",
    "id": 211,
    "avatar_url": "https://avatars.githubusercontent.com/u/211?v=3",
    "gravatar_id": "",
    "url": "https://api.github.com/users/olleolleolle",
    "html_url": "https://github.com/olleolleolle",
    "followers_url": "https://api.github.com/users/olleolleolle/followers",
    "following_url": "https://api.github.com/users/olleolleolle/following{/other_user}",
    "gists_url": "https://api.github.com/users/olleolleolle/gists{/gist_id}",
    "starred_url": "https://api.github.com/users/olleolleolle/starred{/owner}{/repo}",
    "subscriptions_url": "https://api.github.com/users/olleolleolle/subscriptions",
    "organizations_url": "https://api.github.com/users/olleolleolle/orgs",
    "repos_url": "https://api.github.com/users/olleolleolle/repos",
    "events_url": "https://api.github.com/users/olleolleolle/events{/privacy}",
    "received_events_url": "https://api.github.com/users/olleolleolle/received_events",
    "type": "User",
    "site_admin": false
  },
  {
    "login": "chrismcg",
    "id": 212,
    "avatar_url": "https://avatars.githubusercontent.com/u/212?v=3",
    "gravatar_id": "",
    "url": "https://api.github.com/users/chrismcg",
    "html_url": "https://github.com/chrismcg",
    "followers_url": "https://api.github.com/users/chrismcg/followers",
    "following_url": "https://api.github.com/users/chrismcg/following{/other_user}",
    "gists_url": "https://api.github.com/users/chrismcg/gists{/gist_id}",
    "starred_url": "https://api.github.com/users/chrismcg/starred{/owner}{/repo}",
    "subscriptions_url": "https://api.github.com/users/chrismcg/subscriptions",
    "organizations_url": "https://api.github.com/users/chrismcg/orgs",
    "repos_url": "https://api.github.com/users/chrismcg/repos",
    "events_url": "https://api.github.com/users/chrismcg/events{/privacy}",
    "received_events_url": "https://api.github.com/users/chrismcg/received_events",
    "type": "User",
    "site_admin": false
  },
  {
    "login": "chuyeow",
    "id": 213,
    "avatar_url": "https://avatars.githubusercontent.com/u/213?v=3",
    "gravatar_id": "",
    "url": "https://api.github.com/users/chuyeow",
    "html_url": "https://github.com/chuyeow",
    "followers_url": "https://api.github.com/users/chuyeow/followers",
    "following_url": "https://api.github.com/users/chuyeow/following{/other_user}",
    "gists_url": "https://api.github.com/users/chuyeow/gists{/gist_id}",
    "starred_url": "https://api.github.com/users/chuyeow/starred{/owner}{/repo}",
    "subscriptions_url": "https://api.github.com/users/chuyeow/subscriptions",
    "organizations_url": "https://api.github.com/users/chuyeow/orgs",
    "repos_url": "https://api.github.com/users/chuyeow/repos",
    "events_url": "https://api.github.com/users/chuyeow/events{/privacy}",
    "received_events_url": "https://api.github.com/users/chuyeow/received_events",
    "type": "User",
    "site_admin": false
  },
  {
    "login": "mloughran",
    "id": 214,
    "avatar_url": "https://avatars.githubusercontent.com/u/214?v=3",
    "gravatar_id": "",
    "url": "https://api.github.com/users/mloughran",
    "html_url": "https://github.com/mloughran",
    "followers_url": "https://api.github.com/users/mloughran/followers",
    "following_url": "https://api.github.com/users/mloughran/following{/other_user}",
    "gists_url": "https://api.github.com/users/mloughran/gists{/gist_id}",
    "starred_url": "https://api.github.com/users/mloughran/starred{/owner}{/repo}",
    "subscriptions_url": "https://api.github.com/users/mloughran/subscriptions",
    "organizations_url": "https://api.github.com/users/mloughran/orgs",
    "repos_url": "https://api.github.com/users/mloughran/repos",
    "events_url": "https://api.github.com/users/mloughran/events{/privacy}",
    "received_events_url": "https://api.github.com/users/mloughran/received_events",
    "type": "User",
    "site_admin": false
  },
  {
    "login": "matthewford",
    "id": 215,
    "avatar_url": "https://avatars.githubusercontent.com/u/215?v=3",
    "gravatar_id": "",
    "url": "https://api.github.com/users/matthewford",
    "html_url": "https://github.com/matthewford",
    "followers_url": "https://api.github.com/users/matthewford/followers",
    "following_url": "https://api.github.com/users/matthewford/following{/other_user}",
    "gists_url": "https://api.github.com/users/matthewford/gists{/gist_id}",
    "starred_url": "https://api.github.com/users/matthewford/starred{/owner}{/repo}",
    "subscriptions_url": "https://api.github.com/users/matthewford/subscriptions",
    "organizations_url": "https://api.github.com/users/matthewford/orgs",
    "repos_url": "https://api.github.com/users/matthewford/repos",
    "events_url": "https://api.github.com/users/matthewford/events{/privacy}",
    "received_events_url": "https://api.github.com/users/matthewford/received_events",
    "type": "User",
    "site_admin": false
  },
  {
    "login": "henrik",
    "id": 216,
    "avatar_url": "https://avatars.githubusercontent.com/u/216?v=3",
    "gravatar_id": "",
    "url": "https://api.github.com/users/henrik",
    "html_url": "https://github.com/henrik",
    "followers_url": "https://api.github.com/users/henrik/followers",
    "following_url": "https://api.github.com/users/henrik/following{/other_user}",
    "gists_url": "https://api.github.com/users/henrik/gists{/gist_id}",
    "starred_url": "https://api.github.com/users/henrik/starred{/owner}{/repo}",
    "subscriptions_url": "https://api.github.com/users/henrik/subscriptions",
    "organizations_url": "https://api.github.com/users/henrik/orgs",
    "repos_url": "https://api.github.com/users/henrik/repos",
    "events_url": "https://api.github.com/users/henrik/events{/privacy}",
    "received_events_url": "https://api.github.com/users/henrik/received_events",
    "type": "User",
    "site_admin": false
  },
  {
    "login": "tkersey",
    "id": 217,
    "avatar_url": "https://avatars.githubusercontent.com/u/217?v=3",
    "gravatar_id": "",
    "url": "https://api.github.com/users/tkersey",
    "html_url": "https://github.com/tkersey",
    "followers_url": "https://api.github.com/users/tkersey/followers",
    "following_url": "https://api.github.com/users/tkersey/following{/other_user}",
    "gists_url": "https://api.github.com/users/tkersey/gists{/gist_id}",
    "starred_url": "https://api.github.com/users/tkersey/starred{/owner}{/repo}",
    "subscriptions_url": "https://api.github.com/users/tkersey/subscriptions",
    "organizations_url": "https://api.github.com/users/tkersey/orgs",
    "repos_url": "https://api.github.com/users/tkersey/repos",
    "events_url": "https://api.github.com/users/tkersey/events{/privacy}",
    "received_events_url": "https://api.github.com/users/tkersey/received_events",
    "type": "User",
    "site_admin": false
  },
  {
    "login": "acf",
    "id": 218,
    "avatar_url": "https://avatars.githubusercontent.com/u/218?v=3",
    "gravatar_id": "",
    "url": "https://api.github.com/users/acf",
    "html_url": "https://github.com/acf",
    "followers_url": "https://api.github.com/users/acf/followers",
    "following_url": "https://api.github.com/users/acf/following{/other_user}",
    "gists_url": "https://api.github.com/users/acf/gists{/gist_id}",
    "starred_url": "https://api.github.com/users/acf/starred{/owner}{/repo}",
    "subscriptions_url": "https://api.github.com/users/acf/subscriptions",
    "organizations_url": "https://api.github.com/users/acf/orgs",
    "repos_url": "https://api.github.com/users/acf/repos",
    "events_url": "https://api.github.com/users/acf/events{/privacy}",
    "received_events_url": "https://api.github.com/users/acf/received_events",
    "type": "User",
    "site_admin": false
  },
  {
    "login": "dan",
    "id": 219,
    "avatar_url": "https://avatars.githubusercontent.com/u/219?v=3",
    "gravatar_id": "",
    "url": "https://api.github.com/users/dan",
    "html_url": "https://github.com/dan",
    "followers_url": "https://api.github.com/users/dan/followers",
    "following_url": "https://api.github.com/users/dan/following{/other_user}",
    "gists_url": "https://api.github.com/users/dan/gists{/gist_id}",
    "starred_url": "https://api.github.com/users/dan/starred{/owner}{/repo}",
    "subscriptions_url": "https://api.github.com/users/dan/subscriptions",
    "organizations_url": "https://api.github.com/users/dan/orgs",
    "repos_url": "https://api.github.com/users/dan/repos",
    "events_url": "https://api.github.com/users/dan/events{/privacy}",
    "received_events_url": "https://api.github.com/users/dan/received_events",
    "type": "User",
    "site_admin": false
  },
  {
    "login": "seebq",
    "id": 220,
    "avatar_url": "https://avatars.githubusercontent.com/u/220?v=3",
    "gravatar_id": "",
    "url": "https://api.github.com/users/seebq",
    "html_url": "https://github.com/seebq",
    "followers_url": "https://api.github.com/users/seebq/followers",
    "following_url": "https://api.github.com/users/seebq/following{/other_user}",
    "gists_url": "https://api.github.com/users/seebq/gists{/gist_id}",
    "starred_url": "https://api.github.com/users/seebq/starred{/owner}{/repo}",
    "subscriptions_url": "https://api.github.com/users/seebq/subscriptions",
    "organizations_url": "https://api.github.com/users/seebq/orgs",
    "repos_url": "https://api.github.com/users/seebq/repos",
    "events_url": "https://api.github.com/users/seebq/events{/privacy}",
    "received_events_url": "https://api.github.com/users/seebq/received_events",
    "type": "User",
    "site_admin": false
  },
  {
    "login": "delynn",
    "id": 221,
    "avatar_url": "https://avatars.githubusercontent.com/u/221?v=3",
    "gravatar_id": "",
    "url": "https://api.github.com/users/delynn",
    "html_url": "https://github.com/delynn",
    "followers_url": "https://api.github.com/users/delynn/followers",
    "following_url": "https://api.github.com/users/delynn/following{/other_user}",
    "gists_url": "https://api.github.com/users/delynn/gists{/gist_id}",
    "starred_url": "https://api.github.com/users/delynn/starred{/owner}{/repo}",
    "subscriptions_url": "https://api.github.com/users/delynn/subscriptions",
    "organizations_url": "https://api.github.com/users/delynn/orgs",
    "repos_url": "https://api.github.com/users/delynn/repos",
    "events_url": "https://api.github.com/users/delynn/events{/privacy}",
    "received_events_url": "https://api.github.com/users/delynn/received_events",
    "type": "User",
    "site_admin": false
  },
  {
    "login": "spicycode",
    "id": 222,
    "avatar_url": "https://avatars.githubusercontent.com/u/222?v=3",
    "gravatar_id": "",
    "url": "https://api.github.com/users/spicycode",
    "html_url": "https://github.com/spicycode",
    "followers_url": "https://api.github.com/users/spicycode/followers",
    "following_url": "https://api.github.com/users/spicycode/following{/other_user}",
    "gists_url": "https://api.github.com/users/spicycode/gists{/gist_id}",
    "starred_url": "https://api.github.com/users/spicycode/starred{/owner}{/repo}",
    "subscriptions_url": "https://api.github.com/users/spicycode/subscriptions",
    "organizations_url": "https://api.github.com/users/spicycode/orgs",
    "repos_url": "https://api.github.com/users/spicycode/repos",
    "events_url": "https://api.github.com/users/spicycode/events{/privacy}",
    "received_events_url": "https://api.github.com/users/spicycode/received_events",
    "type": "User",
    "site_admin": true
  },
  {
    "login": "ntalbott",
    "id": 223,
    "avatar_url": "https://avatars.githubusercontent.com/u/223?v=3",
    "gravatar_id": "",
    "url": "https://api.github.com/users/ntalbott",
    "html_url": "https://github.com/ntalbott",
    "followers_url": "https://api.github.com/users/ntalbott/followers",
    "following_url": "https://api.github.com/users/ntalbott/following{/other_user}",
    "gists_url": "https://api.github.com/users/ntalbott/gists{/gist_id}",
    "starred_url": "https://api.github.com/users/ntalbott/starred{/owner}{/repo}",
    "subscriptions_url": "https://api.github.com/users/ntalbott/subscriptions",
    "organizations_url": "https://api.github.com/users/ntalbott/orgs",
    "repos_url": "https://api.github.com/users/ntalbott/repos",
    "events_url": "https://api.github.com/users/ntalbott/events{/privacy}",
    "received_events_url": "https://api.github.com/users/ntalbott/received_events",
    "type": "User",
    "site_admin": false
  },
  {
    "login": "rdempsey",
    "id": 224,
    "avatar_url": "https://avatars.githubusercontent.com/u/224?v=3",
    "gravatar_id": "",
    "url": "https://api.github.com/users/rdempsey",
    "html_url": "https://github.com/rdempsey",
    "followers_url": "https://api.github.com/users/rdempsey/followers",
    "following_url": "https://api.github.com/users/rdempsey/following{/other_user}",
    "gists_url": "https://api.github.com/users/rdempsey/gists{/gist_id}",
    "starred_url": "https://api.github.com/users/rdempsey/starred{/owner}{/repo}",
    "subscriptions_url": "https://api.github.com/users/rdempsey/subscriptions",
    "organizations_url": "https://api.github.com/users/rdempsey/orgs",
    "repos_url": "https://api.github.com/users/rdempsey/repos",
    "events_url": "https://api.github.com/users/rdempsey/events{/privacy}",
    "received_events_url": "https://api.github.com/users/rdempsey/received_events",
    "type": "User",
    "site_admin": false
  },
  {
    "login": "mjankowski",
    "id": 225,
    "avatar_url": "https://avatars.githubusercontent.com/u/225?v=3",
    "gravatar_id": "",
    "url": "https://api.github.com/users/mjankowski",
    "html_url": "https://github.com/mjankowski",
    "followers_url": "https://api.github.com/users/mjankowski/followers",
    "following_url": "https://api.github.com/users/mjankowski/following{/other_user}",
    "gists_url": "https://api.github.com/users/mjankowski/gists{/gist_id}",
    "starred_url": "https://api.github.com/users/mjankowski/starred{/owner}{/repo}",
    "subscriptions_url": "https://api.github.com/users/mjankowski/subscriptions",
    "organizations_url": "https://api.github.com/users/mjankowski/orgs",
    "repos_url": "https://api.github.com/users/mjankowski/repos",
    "events_url": "https://api.github.com/users/mjankowski/events{/privacy}",
    "received_events_url": "https://api.github.com/users/mjankowski/received_events",
    "type": "User",
    "site_admin": false
  },
  {
    "login": "danahern",
    "id": 226,
    "avatar_url": "https://avatars.githubusercontent.com/u/226?v=3",
    "gravatar_id": "",
    "url": "https://api.github.com/users/danahern",
    "html_url": "https://github.com/danahern",
    "followers_url": "https://api.github.com/users/danahern/followers",
    "following_url": "https://api.github.com/users/danahern/following{/other_user}",
    "gists_url": "https://api.github.com/users/danahern/gists{/gist_id}",
    "starred_url": "https://api.github.com/users/danahern/starred{/owner}{/repo}",
    "subscriptions_url": "https://api.github.com/users/danahern/subscriptions",
    "organizations_url": "https://api.github.com/users/danahern/orgs",
    "repos_url": "https://api.github.com/users/danahern/repos",
    "events_url": "https://api.github.com/users/danahern/events{/privacy}",
    "received_events_url": "https://api.github.com/users/danahern/received_events",
    "type": "User",
    "site_admin": false
  },
  {
    "login": "dctanner",
    "id": 227,
    "avatar_url": "https://avatars.githubusercontent.com/u/227?v=3",
    "gravatar_id": "",
    "url": "https://api.github.com/users/dctanner",
    "html_url": "https://github.com/dctanner",
    "followers_url": "https://api.github.com/users/dctanner/followers",
    "following_url": "https://api.github.com/users/dctanner/following{/other_user}",
    "gists_url": "https://api.github.com/users/dctanner/gists{/gist_id}",
    "starred_url": "https://api.github.com/users/dctanner/starred{/owner}{/repo}",
    "subscriptions_url": "https://api.github.com/users/dctanner/subscriptions",
    "organizations_url": "https://api.github.com/users/dctanner/orgs",
    "repos_url": "https://api.github.com/users/dctanner/repos",
    "events_url": "https://api.github.com/users/dctanner/events{/privacy}",
    "received_events_url": "https://api.github.com/users/dctanner/received_events",
    "type": "User",
    "site_admin": false
  },
  {
    "login": "alexvollmer",
    "id": 228,
    "avatar_url": "https://avatars.githubusercontent.com/u/228?v=3",
    "gravatar_id": "",
    "url": "https://api.github.com/users/alexvollmer",
    "html_url": "https://github.com/alexvollmer",
    "followers_url": "https://api.github.com/users/alexvollmer/followers",
    "following_url": "https://api.github.com/users/alexvollmer/following{/other_user}",
    "gists_url": "https://api.github.com/users/alexvollmer/gists{/gist_id}",
    "starred_url": "https://api.github.com/users/alexvollmer/starred{/owner}{/repo}",
    "subscriptions_url": "https://api.github.com/users/alexvollmer/subscriptions",
    "organizations_url": "https://api.github.com/users/alexvollmer/orgs",
    "repos_url": "https://api.github.com/users/alexvollmer/repos",
    "events_url": "https://api.github.com/users/alexvollmer/events{/privacy}",
    "received_events_url": "https://api.github.com/users/alexvollmer/received_events",
    "type": "User",
    "site_admin": false
  },
  {
    "login": "RailsAddict",
    "id": 229,
    "avatar_url": "https://avatars.githubusercontent.com/u/229?v=3",
    "gravatar_id": "",
    "url": "https://api.github.com/users/RailsAddict",
    "html_url": "https://github.com/RailsAddict",
    "followers_url": "https://api.github.com/users/RailsAddict/followers",
    "following_url": "https://api.github.com/users/RailsAddict/following{/other_user}",
    "gists_url": "https://api.github.com/users/RailsAddict/gists{/gist_id}",
    "starred_url": "https://api.github.com/users/RailsAddict/starred{/owner}{/repo}",
    "subscriptions_url": "https://api.github.com/users/RailsAddict/subscriptions",
    "organizations_url": "https://api.github.com/users/RailsAddict/orgs",
    "repos_url": "https://api.github.com/users/RailsAddict/repos",
    "events_url": "https://api.github.com/users/RailsAddict/events{/privacy}",
    "received_events_url": "https://api.github.com/users/RailsAddict/received_events",
    "type": "User",
    "site_admin": false
  },
  {
    "login": "scharfie",
    "id": 230,
    "avatar_url": "https://avatars.githubusercontent.com/u/230?v=3",
    "gravatar_id": "",
    "url": "https://api.github.com/users/scharfie",
    "html_url": "https://github.com/scharfie",
    "followers_url": "https://api.github.com/users/scharfie/followers",
    "following_url": "https://api.github.com/users/scharfie/following{/other_user}",
    "gists_url": "https://api.github.com/users/scharfie/gists{/gist_id}",
    "starred_url": "https://api.github.com/users/scharfie/starred{/owner}{/repo}",
    "subscriptions_url": "https://api.github.com/users/scharfie/subscriptions",
    "organizations_url": "https://api.github.com/users/scharfie/orgs",
    "repos_url": "https://api.github.com/users/scharfie/repos",
    "events_url": "https://api.github.com/users/scharfie/events{/privacy}",
    "received_events_url": "https://api.github.com/users/scharfie/received_events",
    "type": "User",
    "site_admin": false
  },
  {
    "login": "jhardy-deleteme",
    "id": 231,
    "avatar_url": "https://avatars.githubusercontent.com/u/231?v=3",
    "gravatar_id": "",
    "url": "https://api.github.com/users/jhardy-deleteme",
    "html_url": "https://github.com/jhardy-deleteme",
    "followers_url": "https://api.github.com/users/jhardy-deleteme/followers",
    "following_url": "https://api.github.com/users/jhardy-deleteme/following{/other_user}",
    "gists_url": "https://api.github.com/users/jhardy-deleteme/gists{/gist_id}",
    "starred_url": "https://api.github.com/users/jhardy-deleteme/starred{/owner}{/repo}",
    "subscriptions_url": "https://api.github.com/users/jhardy-deleteme/subscriptions",
    "organizations_url": "https://api.github.com/users/jhardy-deleteme/orgs",
    "repos_url": "https://api.github.com/users/jhardy-deleteme/repos",
    "events_url": "https://api.github.com/users/jhardy-deleteme/events{/privacy}",
    "received_events_url": "https://api.github.com/users/jhardy-deleteme/received_events",
    "type": "User",
    "site_admin": false
  },
  {
    "login": "daikini",
    "id": 232,
    "avatar_url": "https://avatars.githubusercontent.com/u/232?v=3",
    "gravatar_id": "",
    "url": "https://api.github.com/users/daikini",
    "html_url": "https://github.com/daikini",
    "followers_url": "https://api.github.com/users/daikini/followers",
    "following_url": "https://api.github.com/users/daikini/following{/other_user}",
    "gists_url": "https://api.github.com/users/daikini/gists{/gist_id}",
    "starred_url": "https://api.github.com/users/daikini/starred{/owner}{/repo}",
    "subscriptions_url": "https://api.github.com/users/daikini/subscriptions",
    "organizations_url": "https://api.github.com/users/daikini/orgs",
    "repos_url": "https://api.github.com/users/daikini/repos",
    "events_url": "https://api.github.com/users/daikini/events{/privacy}",
    "received_events_url": "https://api.github.com/users/daikini/received_events",
    "type": "User",
    "site_admin": false
  },
  {
    "login": "tdreyno",
    "id": 233,
    "avatar_url": "https://avatars.githubusercontent.com/u/233?v=3",
    "gravatar_id": "",
    "url": "https://api.github.com/users/tdreyno",
    "html_url": "https://github.com/tdreyno",
    "followers_url": "https://api.github.com/users/tdreyno/followers",
    "following_url": "https://api.github.com/users/tdreyno/following{/other_user}",
    "gists_url": "https://api.github.com/users/tdreyno/gists{/gist_id}",
    "starred_url": "https://api.github.com/users/tdreyno/starred{/owner}{/repo}",
    "subscriptions_url": "https://api.github.com/users/tdreyno/subscriptions",
    "organizations_url": "https://api.github.com/users/tdreyno/orgs",
    "repos_url": "https://api.github.com/users/tdreyno/repos",
    "events_url": "https://api.github.com/users/tdreyno/events{/privacy}",
    "received_events_url": "https://api.github.com/users/tdreyno/received_events",
    "type": "User",
    "site_admin": false
  },
  {
    "login": "mysmallidea",
    "id": 234,
    "avatar_url": "https://avatars.githubusercontent.com/u/234?v=3",
    "gravatar_id": "",
    "url": "https://api.github.com/users/mysmallidea",
    "html_url": "https://github.com/mysmallidea",
    "followers_url": "https://api.github.com/users/mysmallidea/followers",
    "following_url": "https://api.github.com/users/mysmallidea/following{/other_user}",
    "gists_url": "https://api.github.com/users/mysmallidea/gists{/gist_id}",
    "starred_url": "https://api.github.com/users/mysmallidea/starred{/owner}{/repo}",
    "subscriptions_url": "https://api.github.com/users/mysmallidea/subscriptions",
    "organizations_url": "https://api.github.com/users/mysmallidea/orgs",
    "repos_url": "https://api.github.com/users/mysmallidea/repos",
    "events_url": "https://api.github.com/users/mysmallidea/events{/privacy}",
    "received_events_url": "https://api.github.com/users/mysmallidea/received_events",
    "type": "User",
    "site_admin": false
  },
  {
    "login": "jnunemaker",
    "id": 235,
    "avatar_url": "https://avatars.githubusercontent.com/u/235?v=3",
    "gravatar_id": "",
    "url": "https://api.github.com/users/jnunemaker",
    "html_url": "https://github.com/jnunemaker",
    "followers_url": "https://api.github.com/users/jnunemaker/followers",
    "following_url": "https://api.github.com/users/jnunemaker/following{/other_user}",
    "gists_url": "https://api.github.com/users/jnunemaker/gists{/gist_id}",
    "starred_url": "https://api.github.com/users/jnunemaker/starred{/owner}{/repo}",
    "subscriptions_url": "https://api.github.com/users/jnunemaker/subscriptions",
    "organizations_url": "https://api.github.com/users/jnunemaker/orgs",
    "repos_url": "https://api.github.com/users/jnunemaker/repos",
    "events_url": "https://api.github.com/users/jnunemaker/events{/privacy}",
    "received_events_url": "https://api.github.com/users/jnunemaker/received_events",
    "type": "User",
    "site_admin": true
  },
  {
    "login": "shayarnett",
    "id": 236,
    "avatar_url": "https://avatars.githubusercontent.com/u/236?v=3",
    "gravatar_id": "",
    "url": "https://api.github.com/users/shayarnett",
    "html_url": "https://github.com/shayarnett",
    "followers_url": "https://api.github.com/users/shayarnett/followers",
    "following_url": "https://api.github.com/users/shayarnett/following{/other_user}",
    "gists_url": "https://api.github.com/users/shayarnett/gists{/gist_id}",
    "starred_url": "https://api.github.com/users/shayarnett/starred{/owner}{/repo}",
    "subscriptions_url": "https://api.github.com/users/shayarnett/subscriptions",
    "organizations_url": "https://api.github.com/users/shayarnett/orgs",
    "repos_url": "https://api.github.com/users/shayarnett/repos",
    "events_url": "https://api.github.com/users/shayarnett/events{/privacy}",
    "received_events_url": "https://api.github.com/users/shayarnett/received_events",
    "type": "User",
    "site_admin": false
  },
  {
    "login": "chad",
    "id": 237,
    "avatar_url": "https://avatars.githubusercontent.com/u/237?v=3",
    "gravatar_id": "",
    "url": "https://api.github.com/users/chad",
    "html_url": "https://github.com/chad",
    "followers_url": "https://api.github.com/users/chad/followers",
    "following_url": "https://api.github.com/users/chad/following{/other_user}",
    "gists_url": "https://api.github.com/users/chad/gists{/gist_id}",
    "starred_url": "https://api.github.com/users/chad/starred{/owner}{/repo}",
    "subscriptions_url": "https://api.github.com/users/chad/subscriptions",
    "organizations_url": "https://api.github.com/users/chad/orgs",
    "repos_url": "https://api.github.com/users/chad/repos",
    "events_url": "https://api.github.com/users/chad/events{/privacy}",
    "received_events_url": "https://api.github.com/users/chad/received_events",
    "type": "User",
    "site_admin": false
  },
  {
    "login": "superphly",
    "id": 238,
    "avatar_url": "https://avatars.githubusercontent.com/u/238?v=3",
    "gravatar_id": "",
    "url": "https://api.github.com/users/superphly",
    "html_url": "https://github.com/superphly",
    "followers_url": "https://api.github.com/users/superphly/followers",
    "following_url": "https://api.github.com/users/superphly/following{/other_user}",
    "gists_url": "https://api.github.com/users/superphly/gists{/gist_id}",
    "starred_url": "https://api.github.com/users/superphly/starred{/owner}{/repo}",
    "subscriptions_url": "https://api.github.com/users/superphly/subscriptions",
    "organizations_url": "https://api.github.com/users/superphly/orgs",
    "repos_url": "https://api.github.com/users/superphly/repos",
    "events_url": "https://api.github.com/users/superphly/events{/privacy}",
    "received_events_url": "https://api.github.com/users/superphly/received_events",
    "type": "User",
    "site_admin": false
  },
  {
    "login": "swhitt",
    "id": 239,
    "avatar_url": "https://avatars.githubusercontent.com/u/239?v=3",
    "gravatar_id": "",
    "url": "https://api.github.com/users/swhitt",
    "html_url": "https://github.com/swhitt",
    "followers_url": "https://api.github.com/users/swhitt/followers",
    "following_url": "https://api.github.com/users/swhitt/following{/other_user}",
    "gists_url": "https://api.github.com/users/swhitt/gists{/gist_id}",
    "starred_url": "https://api.github.com/users/swhitt/starred{/owner}{/repo}",
    "subscriptions_url": "https://api.github.com/users/swhitt/subscriptions",
    "organizations_url": "https://api.github.com/users/swhitt/orgs",
    "repos_url": "https://api.github.com/users/swhitt/repos",
    "events_url": "https://api.github.com/users/swhitt/events{/privacy}",
    "received_events_url": "https://api.github.com/users/swhitt/received_events",
    "type": "User",
    "site_admin": false
  },
  {
    "login": "bryanl",
    "id": 240,
    "avatar_url": "https://avatars.githubusercontent.com/u/240?v=3",
    "gravatar_id": "",
    "url": "https://api.github.com/users/bryanl",
    "html_url": "https://github.com/bryanl",
    "followers_url": "https://api.github.com/users/bryanl/followers",
    "following_url": "https://api.github.com/users/bryanl/following{/other_user}",
    "gists_url": "https://api.github.com/users/bryanl/gists{/gist_id}",
    "starred_url": "https://api.github.com/users/bryanl/starred{/owner}{/repo}",
    "subscriptions_url": "https://api.github.com/users/bryanl/subscriptions",
    "organizations_url": "https://api.github.com/users/bryanl/orgs",
    "repos_url": "https://api.github.com/users/bryanl/repos",
    "events_url": "https://api.github.com/users/bryanl/events{/privacy}",
    "received_events_url": "https://api.github.com/users/bryanl/received_events",
    "type": "User",
    "site_admin": false
  },
  {
    "login": "jschairb",
    "id": 241,
    "avatar_url": "https://avatars.githubusercontent.com/u/241?v=3",
    "gravatar_id": "",
    "url": "https://api.github.com/users/jschairb",
    "html_url": "https://github.com/jschairb",
    "followers_url": "https://api.github.com/users/jschairb/followers",
    "following_url": "https://api.github.com/users/jschairb/following{/other_user}",
    "gists_url": "https://api.github.com/users/jschairb/gists{/gist_id}",
    "starred_url": "https://api.github.com/users/jschairb/starred{/owner}{/repo}",
    "subscriptions_url": "https://api.github.com/users/jschairb/subscriptions",
    "organizations_url": "https://api.github.com/users/jschairb/orgs",
    "repos_url": "https://api.github.com/users/jschairb/repos",
    "events_url": "https://api.github.com/users/jschairb/events{/privacy}",
    "received_events_url": "https://api.github.com/users/jschairb/received_events",
    "type": "User",
    "site_admin": false
  },
  {
    "login": "adelcambre",
    "id": 242,
    "avatar_url": "https://avatars.githubusercontent.com/u/242?v=3",
    "gravatar_id": "",
    "url": "https://api.github.com/users/adelcambre",
    "html_url": "https://github.com/adelcambre",
    "followers_url": "https://api.github.com/users/adelcambre/followers",
    "following_url": "https://api.github.com/users/adelcambre/following{/other_user}",
    "gists_url": "https://api.github.com/users/adelcambre/gists{/gist_id}",
    "starred_url": "https://api.github.com/users/adelcambre/starred{/owner}{/repo}",
    "subscriptions_url": "https://api.github.com/users/adelcambre/subscriptions",
    "organizations_url": "https://api.github.com/users/adelcambre/orgs",
    "repos_url": "https://api.github.com/users/adelcambre/repos",
    "events_url": "https://api.github.com/users/adelcambre/events{/privacy}",
    "received_events_url": "https://api.github.com/users/adelcambre/received_events",
    "type": "User",
    "site_admin": true
  },
  {
    "login": "psi",
    "id": 243,
    "avatar_url": "https://avatars.githubusercontent.com/u/243?v=3",
    "gravatar_id": "",
    "url": "https://api.github.com/users/psi",
    "html_url": "https://github.com/psi",
    "followers_url": "https://api.github.com/users/psi/followers",
    "following_url": "https://api.github.com/users/psi/following{/other_user}",
    "gists_url": "https://api.github.com/users/psi/gists{/gist_id}",
    "starred_url": "https://api.github.com/users/psi/starred{/owner}{/repo}",
    "subscriptions_url": "https://api.github.com/users/psi/subscriptions",
    "organizations_url": "https://api.github.com/users/psi/orgs",
    "repos_url": "https://api.github.com/users/psi/repos",
    "events_url": "https://api.github.com/users/psi/events{/privacy}",
    "received_events_url": "https://api.github.com/users/psi/received_events",
    "type": "User",
    "site_admin": false
  },
  {
    "login": "watsonian",
    "id": 244,
    "avatar_url": "https://avatars.githubusercontent.com/u/244?v=3",
    "gravatar_id": "",
    "url": "https://api.github.com/users/watsonian",
    "html_url": "https://github.com/watsonian",
    "followers_url": "https://api.github.com/users/watsonian/followers",
    "following_url": "https://api.github.com/users/watsonian/following{/other_user}",
    "gists_url": "https://api.github.com/users/watsonian/gists{/gist_id}",
    "starred_url": "https://api.github.com/users/watsonian/starred{/owner}{/repo}",
    "subscriptions_url": "https://api.github.com/users/watsonian/subscriptions",
    "organizations_url": "https://api.github.com/users/watsonian/orgs",
    "repos_url": "https://api.github.com/users/watsonian/repos",
    "events_url": "https://api.github.com/users/watsonian/events{/privacy}",
    "received_events_url": "https://api.github.com/users/watsonian/received_events",
    "type": "User",
    "site_admin": false
  },
  {
    "login": "marcel",
    "id": 245,
    "avatar_url": "https://avatars.githubusercontent.com/u/245?v=3",
    "gravatar_id": "",
    "url": "https://api.github.com/users/marcel",
    "html_url": "https://github.com/marcel",
    "followers_url": "https://api.github.com/users/marcel/followers",
    "following_url": "https://api.github.com/users/marcel/following{/other_user}",
    "gists_url": "https://api.github.com/users/marcel/gists{/gist_id}",
    "starred_url": "https://api.github.com/users/marcel/starred{/owner}{/repo}",
    "subscriptions_url": "https://api.github.com/users/marcel/subscriptions",
    "organizations_url": "https://api.github.com/users/marcel/orgs",
    "repos_url": "https://api.github.com/users/marcel/repos",
    "events_url": "https://api.github.com/users/marcel/events{/privacy}",
    "received_events_url": "https://api.github.com/users/marcel/received_events",
    "type": "User",
    "site_admin": false
  },
  {
    "login": "brapse",
    "id": 246,
    "avatar_url": "https://avatars.githubusercontent.com/u/246?v=3",
    "gravatar_id": "",
    "url": "https://api.github.com/users/brapse",
    "html_url": "https://github.com/brapse",
    "followers_url": "https://api.github.com/users/brapse/followers",
    "following_url": "https://api.github.com/users/brapse/following{/other_user}",
    "gists_url": "https://api.github.com/users/brapse/gists{/gist_id}",
    "starred_url": "https://api.github.com/users/brapse/starred{/owner}{/repo}",
    "subscriptions_url": "https://api.github.com/users/brapse/subscriptions",
    "organizations_url": "https://api.github.com/users/brapse/orgs",
    "repos_url": "https://api.github.com/users/brapse/repos",
    "events_url": "https://api.github.com/users/brapse/events{/privacy}",
    "received_events_url": "https://api.github.com/users/brapse/received_events",
    "type": "User",
    "site_admin": false
  },
  {
    "login": "francois",
    "id": 247,
    "avatar_url": "https://avatars.githubusercontent.com/u/247?v=3",
    "gravatar_id": "",
    "url": "https://api.github.com/users/francois",
    "html_url": "https://github.com/francois",
    "followers_url": "https://api.github.com/users/francois/followers",
    "following_url": "https://api.github.com/users/francois/following{/other_user}",
    "gists_url": "https://api.github.com/users/francois/gists{/gist_id}",
    "starred_url": "https://api.github.com/users/francois/starred{/owner}{/repo}",
    "subscriptions_url": "https://api.github.com/users/francois/subscriptions",
    "organizations_url": "https://api.github.com/users/francois/orgs",
    "repos_url": "https://api.github.com/users/francois/repos",
    "events_url": "https://api.github.com/users/francois/events{/privacy}",
    "received_events_url": "https://api.github.com/users/francois/received_events",
    "type": "User",
    "site_admin": false
  },
  {
    "login": "aditya",
    "id": 248,
    "avatar_url": "https://avatars.githubusercontent.com/u/248?v=3",
    "gravatar_id": "",
    "url": "https://api.github.com/users/aditya",
    "html_url": "https://github.com/aditya",
    "followers_url": "https://api.github.com/users/aditya/followers",
    "following_url": "https://api.github.com/users/aditya/following{/other_user}",
    "gists_url": "https://api.github.com/users/aditya/gists{/gist_id}",
    "starred_url": "https://api.github.com/users/aditya/starred{/owner}{/repo}",
    "subscriptions_url": "https://api.github.com/users/aditya/subscriptions",
    "organizations_url": "https://api.github.com/users/aditya/orgs",
    "repos_url": "https://api.github.com/users/aditya/repos",
    "events_url": "https://api.github.com/users/aditya/events{/privacy}",
    "received_events_url": "https://api.github.com/users/aditya/received_events",
    "type": "User",
    "site_admin": false
  },
  {
    "login": "agile",
    "id": 249,
    "avatar_url": "https://avatars.githubusercontent.com/u/249?v=3",
    "gravatar_id": "",
    "url": "https://api.github.com/users/agile",
    "html_url": "https://github.com/agile",
    "followers_url": "https://api.github.com/users/agile/followers",
    "following_url": "https://api.github.com/users/agile/following{/other_user}",
    "gists_url": "https://api.github.com/users/agile/gists{/gist_id}",
    "starred_url": "https://api.github.com/users/agile/starred{/owner}{/repo}",
    "subscriptions_url": "https://api.github.com/users/agile/subscriptions",
    "organizations_url": "https://api.github.com/users/agile/orgs",
    "repos_url": "https://api.github.com/users/agile/repos",
    "events_url": "https://api.github.com/users/agile/events{/privacy}",
    "received_events_url": "https://api.github.com/users/agile/received_events",
    "type": "User",
    "site_admin": false
  },
  {
    "login": "wellbredgrapefruit",
    "id": 250,
    "avatar_url": "https://avatars.githubusercontent.com/u/250?v=3",
    "gravatar_id": "",
    "url": "https://api.github.com/users/wellbredgrapefruit",
    "html_url": "https://github.com/wellbredgrapefruit",
    "followers_url": "https://api.github.com/users/wellbredgrapefruit/followers",
    "following_url": "https://api.github.com/users/wellbredgrapefruit/following{/other_user}",
    "gists_url": "https://api.github.com/users/wellbredgrapefruit/gists{/gist_id}",
    "starred_url": "https://api.github.com/users/wellbredgrapefruit/starred{/owner}{/repo}",
    "subscriptions_url": "https://api.github.com/users/wellbredgrapefruit/subscriptions",
    "organizations_url": "https://api.github.com/users/wellbredgrapefruit/orgs",
    "repos_url": "https://api.github.com/users/wellbredgrapefruit/repos",
    "events_url": "https://api.github.com/users/wellbredgrapefruit/events{/privacy}",
    "received_events_url": "https://api.github.com/users/wellbredgrapefruit/received_events",
    "type": "User",
    "site_admin": false
  },
  {
    "login": "toretore",
    "id": 251,
    "avatar_url": "https://avatars.githubusercontent.com/u/251?v=3",
    "gravatar_id": "",
    "url": "https://api.github.com/users/toretore",
    "html_url": "https://github.com/toretore",
    "followers_url": "https://api.github.com/users/toretore/followers",
    "following_url": "https://api.github.com/users/toretore/following{/other_user}",
    "gists_url": "https://api.github.com/users/toretore/gists{/gist_id}",
    "starred_url": "https://api.github.com/users/toretore/starred{/owner}{/repo}",
    "subscriptions_url": "https://api.github.com/users/toretore/subscriptions",
    "organizations_url": "https://api.github.com/users/toretore/orgs",
    "repos_url": "https://api.github.com/users/toretore/repos",
    "events_url": "https://api.github.com/users/toretore/events{/privacy}",
    "received_events_url": "https://api.github.com/users/toretore/received_events",
    "type": "User",
    "site_admin": false
  },
  {
    "login": "vangberg",
    "id": 252,
    "avatar_url": "https://avatars.githubusercontent.com/u/252?v=3",
    "gravatar_id": "",
    "url": "https://api.github.com/users/vangberg",
    "html_url": "https://github.com/vangberg",
    "followers_url": "https://api.github.com/users/vangberg/followers",
    "following_url": "https://api.github.com/users/vangberg/following{/other_user}",
    "gists_url": "https://api.github.com/users/vangberg/gists{/gist_id}",
    "starred_url": "https://api.github.com/users/vangberg/starred{/owner}{/repo}",
    "subscriptions_url": "https://api.github.com/users/vangberg/subscriptions",
    "organizations_url": "https://api.github.com/users/vangberg/orgs",
    "repos_url": "https://api.github.com/users/vangberg/repos",
    "events_url": "https://api.github.com/users/vangberg/events{/privacy}",
    "received_events_url": "https://api.github.com/users/vangberg/received_events",
    "type": "User",
    "site_admin": false
  },
  {
    "login": "jchris",
    "id": 253,
    "avatar_url": "https://avatars.githubusercontent.com/u/253?v=3",
    "gravatar_id": "",
    "url": "https://api.github.com/users/jchris",
    "html_url": "https://github.com/jchris",
    "followers_url": "https://api.github.com/users/jchris/followers",
    "following_url": "https://api.github.com/users/jchris/following{/other_user}",
    "gists_url": "https://api.github.com/users/jchris/gists{/gist_id}",
    "starred_url": "https://api.github.com/users/jchris/starred{/owner}{/repo}",
    "subscriptions_url": "https://api.github.com/users/jchris/subscriptions",
    "organizations_url": "https://api.github.com/users/jchris/orgs",
    "repos_url": "https://api.github.com/users/jchris/repos",
    "events_url": "https://api.github.com/users/jchris/events{/privacy}",
    "received_events_url": "https://api.github.com/users/jchris/received_events",
    "type": "User",
    "site_admin": false
  },
  {
    "login": "gspederson",
    "id": 254,
    "avatar_url": "https://avatars.githubusercontent.com/u/254?v=3",
    "gravatar_id": "",
    "url": "https://api.github.com/users/gspederson",
    "html_url": "https://github.com/gspederson",
    "followers_url": "https://api.github.com/users/gspederson/followers",
    "following_url": "https://api.github.com/users/gspederson/following{/other_user}",
    "gists_url": "https://api.github.com/users/gspederson/gists{/gist_id}",
    "starred_url": "https://api.github.com/users/gspederson/starred{/owner}{/repo}",
    "subscriptions_url": "https://api.github.com/users/gspederson/subscriptions",
    "organizations_url": "https://api.github.com/users/gspederson/orgs",
    "repos_url": "https://api.github.com/users/gspederson/repos",
    "events_url": "https://api.github.com/users/gspederson/events{/privacy}",
    "received_events_url": "https://api.github.com/users/gspederson/received_events",
    "type": "User",
    "site_admin": false
  },
  {
    "login": "psq",
    "id": 255,
    "avatar_url": "https://avatars.githubusercontent.com/u/255?v=3",
    "gravatar_id": "",
    "url": "https://api.github.com/users/psq",
    "html_url": "https://github.com/psq",
    "followers_url": "https://api.github.com/users/psq/followers",
    "following_url": "https://api.github.com/users/psq/following{/other_user}",
    "gists_url": "https://api.github.com/users/psq/gists{/gist_id}",
    "starred_url": "https://api.github.com/users/psq/starred{/owner}{/repo}",
    "subscriptions_url": "https://api.github.com/users/psq/subscriptions",
    "organizations_url": "https://api.github.com/users/psq/orgs",
    "repos_url": "https://api.github.com/users/psq/repos",
    "events_url": "https://api.github.com/users/psq/events{/privacy}",
    "received_events_url": "https://api.github.com/users/psq/received_events",
    "type": "User",
    "site_admin": false
  },
  {
    "login": "andreimaxim",
    "id": 256,
    "avatar_url": "https://avatars.githubusercontent.com/u/256?v=3",
    "gravatar_id": "",
    "url": "https://api.github.com/users/andreimaxim",
    "html_url": "https://github.com/andreimaxim",
    "followers_url": "https://api.github.com/users/andreimaxim/followers",
    "following_url": "https://api.github.com/users/andreimaxim/following{/other_user}",
    "gists_url": "https://api.github.com/users/andreimaxim/gists{/gist_id}",
    "starred_url": "https://api.github.com/users/andreimaxim/starred{/owner}{/repo}",
    "subscriptions_url": "https://api.github.com/users/andreimaxim/subscriptions",
    "organizations_url": "https://api.github.com/users/andreimaxim/orgs",
    "repos_url": "https://api.github.com/users/andreimaxim/repos",
    "events_url": "https://api.github.com/users/andreimaxim/events{/privacy}",
    "received_events_url": "https://api.github.com/users/andreimaxim/received_events",
    "type": "User",
    "site_admin": false
  },
  {
    "login": "robbyrussell",
    "id": 257,
    "avatar_url": "https://avatars.githubusercontent.com/u/257?v=3",
    "gravatar_id": "",
    "url": "https://api.github.com/users/robbyrussell",
    "html_url": "https://github.com/robbyrussell",
    "followers_url": "https://api.github.com/users/robbyrussell/followers",
    "following_url": "https://api.github.com/users/robbyrussell/following{/other_user}",
    "gists_url": "https://api.github.com/users/robbyrussell/gists{/gist_id}",
    "starred_url": "https://api.github.com/users/robbyrussell/starred{/owner}{/repo}",
    "subscriptions_url": "https://api.github.com/users/robbyrussell/subscriptions",
    "organizations_url": "https://api.github.com/users/robbyrussell/orgs",
    "repos_url": "https://api.github.com/users/robbyrussell/repos",
    "events_url": "https://api.github.com/users/robbyrussell/events{/privacy}",
    "received_events_url": "https://api.github.com/users/robbyrussell/received_events",
    "type": "User",
    "site_admin": false
  },
  {
    "login": "kommen",
    "id": 258,
    "avatar_url": "https://avatars.githubusercontent.com/u/258?v=3",
    "gravatar_id": "",
    "url": "https://api.github.com/users/kommen",
    "html_url": "https://github.com/kommen",
    "followers_url": "https://api.github.com/users/kommen/followers",
    "following_url": "https://api.github.com/users/kommen/following{/other_user}",
    "gists_url": "https://api.github.com/users/kommen/gists{/gist_id}",
    "starred_url": "https://api.github.com/users/kommen/starred{/owner}{/repo}",
    "subscriptions_url": "https://api.github.com/users/kommen/subscriptions",
    "organizations_url": "https://api.github.com/users/kommen/orgs",
    "repos_url": "https://api.github.com/users/kommen/repos",
    "events_url": "https://api.github.com/users/kommen/events{/privacy}",
    "received_events_url": "https://api.github.com/users/kommen/received_events",
    "type": "User",
    "site_admin": false
  },
  {
    "login": "protocool",
    "id": 259,
    "avatar_url": "https://avatars.githubusercontent.com/u/259?v=3",
    "gravatar_id": "",
    "url": "https://api.github.com/users/protocool",
    "html_url": "https://github.com/protocool",
    "followers_url": "https://api.github.com/users/protocool/followers",
    "following_url": "https://api.github.com/users/protocool/following{/other_user}",
    "gists_url": "https://api.github.com/users/protocool/gists{/gist_id}",
    "starred_url": "https://api.github.com/users/protocool/starred{/owner}{/repo}",
    "subscriptions_url": "https://api.github.com/users/protocool/subscriptions",
    "organizations_url": "https://api.github.com/users/protocool/orgs",
    "repos_url": "https://api.github.com/users/protocool/repos",
    "events_url": "https://api.github.com/users/protocool/events{/privacy}",
    "received_events_url": "https://api.github.com/users/protocool/received_events",
    "type": "User",
    "site_admin": false
  },
  {
    "login": "maddox",
    "id": 260,
    "avatar_url": "https://avatars.githubusercontent.com/u/260?v=3",
    "gravatar_id": "",
    "url": "https://api.github.com/users/maddox",
    "html_url": "https://github.com/maddox",
    "followers_url": "https://api.github.com/users/maddox/followers",
    "following_url": "https://api.github.com/users/maddox/following{/other_user}",
    "gists_url": "https://api.github.com/users/maddox/gists{/gist_id}",
    "starred_url": "https://api.github.com/users/maddox/starred{/owner}{/repo}",
    "subscriptions_url": "https://api.github.com/users/maddox/subscriptions",
    "organizations_url": "https://api.github.com/users/maddox/orgs",
    "repos_url": "https://api.github.com/users/maddox/repos",
    "events_url": "https://api.github.com/users/maddox/events{/privacy}",
    "received_events_url": "https://api.github.com/users/maddox/received_events",
    "type": "User",
    "site_admin": true
  },
  {
    "login": "jswanner",
    "id": 261,
    "avatar_url": "https://avatars.githubusercontent.com/u/261?v=3",
    "gravatar_id": "",
    "url": "https://api.github.com/users/jswanner",
    "html_url": "https://github.com/jswanner",
    "followers_url": "https://api.github.com/users/jswanner/followers",
    "following_url": "https://api.github.com/users/jswanner/following{/other_user}",
    "gists_url": "https://api.github.com/users/jswanner/gists{/gist_id}",
    "starred_url": "https://api.github.com/users/jswanner/starred{/owner}{/repo}",
    "subscriptions_url": "https://api.github.com/users/jswanner/subscriptions",
    "organizations_url": "https://api.github.com/users/jswanner/orgs",
    "repos_url": "https://api.github.com/users/jswanner/repos",
    "events_url": "https://api.github.com/users/jswanner/events{/privacy}",
    "received_events_url": "https://api.github.com/users/jswanner/received_events",
    "type": "User",
    "site_admin": false
  },
  {
    "login": "kastner",
    "id": 262,
    "avatar_url": "https://avatars.githubusercontent.com/u/262?v=3",
    "gravatar_id": "",
    "url": "https://api.github.com/users/kastner",
    "html_url": "https://github.com/kastner",
    "followers_url": "https://api.github.com/users/kastner/followers",
    "following_url": "https://api.github.com/users/kastner/following{/other_user}",
    "gists_url": "https://api.github.com/users/kastner/gists{/gist_id}",
    "starred_url": "https://api.github.com/users/kastner/starred{/owner}{/repo}",
    "subscriptions_url": "https://api.github.com/users/kastner/subscriptions",
    "organizations_url": "https://api.github.com/users/kastner/orgs",
    "repos_url": "https://api.github.com/users/kastner/repos",
    "events_url": "https://api.github.com/users/kastner/events{/privacy}",
    "received_events_url": "https://api.github.com/users/kastner/received_events",
    "type": "User",
    "site_admin": false
  },
  {
    "login": "halorgium",
    "id": 263,
    "avatar_url": "https://avatars.githubusercontent.com/u/263?v=3",
    "gravatar_id": "",
    "url": "https://api.github.com/users/halorgium",
    "html_url": "https://github.com/halorgium",
    "followers_url": "https://api.github.com/users/halorgium/followers",
    "following_url": "https://api.github.com/users/halorgium/following{/other_user}",
    "gists_url": "https://api.github.com/users/halorgium/gists{/gist_id}",
    "starred_url": "https://api.github.com/users/halorgium/starred{/owner}{/repo}",
    "subscriptions_url": "https://api.github.com/users/halorgium/subscriptions",
    "organizations_url": "https://api.github.com/users/halorgium/orgs",
    "repos_url": "https://api.github.com/users/halorgium/repos",
    "events_url": "https://api.github.com/users/halorgium/events{/privacy}",
    "received_events_url": "https://api.github.com/users/halorgium/received_events",
    "type": "User",
    "site_admin": false
  },
  {
    "login": "merb",
    "id": 264,
    "avatar_url": "https://avatars.githubusercontent.com/u/264?v=3",
    "gravatar_id": "",
    "url": "https://api.github.com/users/merb",
    "html_url": "https://github.com/merb",
    "followers_url": "https://api.github.com/users/merb/followers",
    "following_url": "https://api.github.com/users/merb/following{/other_user}",
    "gists_url": "https://api.github.com/users/merb/gists{/gist_id}",
    "starred_url": "https://api.github.com/users/merb/starred{/owner}{/repo}",
    "subscriptions_url": "https://api.github.com/users/merb/subscriptions",
    "organizations_url": "https://api.github.com/users/merb/orgs",
    "repos_url": "https://api.github.com/users/merb/repos",
    "events_url": "https://api.github.com/users/merb/events{/privacy}",
    "received_events_url": "https://api.github.com/users/merb/received_events",
    "type": "Organization",
    "site_admin": false
  },
  {
    "login": "lachie",
    "id": 265,
    "avatar_url": "https://avatars.githubusercontent.com/u/265?v=3",
    "gravatar_id": "",
    "url": "https://api.github.com/users/lachie",
    "html_url": "https://github.com/lachie",
    "followers_url": "https://api.github.com/users/lachie/followers",
    "following_url": "https://api.github.com/users/lachie/following{/other_user}",
    "gists_url": "https://api.github.com/users/lachie/gists{/gist_id}",
    "starred_url": "https://api.github.com/users/lachie/starred{/owner}{/repo}",
    "subscriptions_url": "https://api.github.com/users/lachie/subscriptions",
    "organizations_url": "https://api.github.com/users/lachie/orgs",
    "repos_url": "https://api.github.com/users/lachie/repos",
    "events_url": "https://api.github.com/users/lachie/events{/privacy}",
    "received_events_url": "https://api.github.com/users/lachie/received_events",
    "type": "User",
    "site_admin": false
  },
  {
    "login": "anildigital",
    "id": 266,
    "avatar_url": "https://avatars.githubusercontent.com/u/266?v=3",
    "gravatar_id": "",
    "url": "https://api.github.com/users/anildigital",
    "html_url": "https://github.com/anildigital",
    "followers_url": "https://api.github.com/users/anildigital/followers",
    "following_url": "https://api.github.com/users/anildigital/following{/other_user}",
    "gists_url": "https://api.github.com/users/anildigital/gists{/gist_id}",
    "starred_url": "https://api.github.com/users/anildigital/starred{/owner}{/repo}",
    "subscriptions_url": "https://api.github.com/users/anildigital/subscriptions",
    "organizations_url": "https://api.github.com/users/anildigital/orgs",
    "repos_url": "https://api.github.com/users/anildigital/repos",
    "events_url": "https://api.github.com/users/anildigital/events{/privacy}",
    "received_events_url": "https://api.github.com/users/anildigital/received_events",
    "type": "User",
    "site_admin": false
  },
  {
    "login": "cwsaylor",
    "id": 267,
    "avatar_url": "https://avatars.githubusercontent.com/u/267?v=3",
    "gravatar_id": "",
    "url": "https://api.github.com/users/cwsaylor",
    "html_url": "https://github.com/cwsaylor",
    "followers_url": "https://api.github.com/users/cwsaylor/followers",
    "following_url": "https://api.github.com/users/cwsaylor/following{/other_user}",
    "gists_url": "https://api.github.com/users/cwsaylor/gists{/gist_id}",
    "starred_url": "https://api.github.com/users/cwsaylor/starred{/owner}{/repo}",
    "subscriptions_url": "https://api.github.com/users/cwsaylor/subscriptions",
    "organizations_url": "https://api.github.com/users/cwsaylor/orgs",
    "repos_url": "https://api.github.com/users/cwsaylor/repos",
    "events_url": "https://api.github.com/users/cwsaylor/events{/privacy}",
    "received_events_url": "https://api.github.com/users/cwsaylor/received_events",
    "type": "User",
    "site_admin": false
  },
  {
    "login": "pdsphil",
    "id": 268,
    "avatar_url": "https://avatars.githubusercontent.com/u/268?v=3",
    "gravatar_id": "",
    "url": "https://api.github.com/users/pdsphil",
    "html_url": "https://github.com/pdsphil",
    "followers_url": "https://api.github.com/users/pdsphil/followers",
    "following_url": "https://api.github.com/users/pdsphil/following{/other_user}",
    "gists_url": "https://api.github.com/users/pdsphil/gists{/gist_id}",
    "starred_url": "https://api.github.com/users/pdsphil/starred{/owner}{/repo}",
    "subscriptions_url": "https://api.github.com/users/pdsphil/subscriptions",
    "organizations_url": "https://api.github.com/users/pdsphil/orgs",
    "repos_url": "https://api.github.com/users/pdsphil/repos",
    "events_url": "https://api.github.com/users/pdsphil/events{/privacy}",
    "received_events_url": "https://api.github.com/users/pdsphil/received_events",
    "type": "User",
    "site_admin": false
  },
  {
    "login": "kamal",
    "id": 269,
    "avatar_url": "https://avatars.githubusercontent.com/u/269?v=3",
    "gravatar_id": "",
    "url": "https://api.github.com/users/kamal",
    "html_url": "https://github.com/kamal",
    "followers_url": "https://api.github.com/users/kamal/followers",
    "following_url": "https://api.github.com/users/kamal/following{/other_user}",
    "gists_url": "https://api.github.com/users/kamal/gists{/gist_id}",
    "starred_url": "https://api.github.com/users/kamal/starred{/owner}{/repo}",
    "subscriptions_url": "https://api.github.com/users/kamal/subscriptions",
    "organizations_url": "https://api.github.com/users/kamal/orgs",
    "repos_url": "https://api.github.com/users/kamal/repos",
    "events_url": "https://api.github.com/users/kamal/events{/privacy}",
    "received_events_url": "https://api.github.com/users/kamal/received_events",
    "type": "User",
    "site_admin": false
  },
  {
    "login": "bleything",
    "id": 270,
    "avatar_url": "https://avatars.githubusercontent.com/u/270?v=3",
    "gravatar_id": "",
    "url": "https://api.github.com/users/bleything",
    "html_url": "https://github.com/bleything",
    "followers_url": "https://api.github.com/users/bleything/followers",
    "following_url": "https://api.github.com/users/bleything/following{/other_user}",
    "gists_url": "https://api.github.com/users/bleything/gists{/gist_id}",
    "starred_url": "https://api.github.com/users/bleything/starred{/owner}{/repo}",
    "subscriptions_url": "https://api.github.com/users/bleything/subscriptions",
    "organizations_url": "https://api.github.com/users/bleything/orgs",
    "repos_url": "https://api.github.com/users/bleything/repos",
    "events_url": "https://api.github.com/users/bleything/events{/privacy}",
    "received_events_url": "https://api.github.com/users/bleything/received_events",
    "type": "User",
    "site_admin": false
  },
  {
    "login": "pergesu",
    "id": 271,
    "avatar_url": "https://avatars.githubusercontent.com/u/271?v=3",
    "gravatar_id": "",
    "url": "https://api.github.com/users/pergesu",
    "html_url": "https://github.com/pergesu",
    "followers_url": "https://api.github.com/users/pergesu/followers",
    "following_url": "https://api.github.com/users/pergesu/following{/other_user}",
    "gists_url": "https://api.github.com/users/pergesu/gists{/gist_id}",
    "starred_url": "https://api.github.com/users/pergesu/starred{/owner}{/repo}",
    "subscriptions_url": "https://api.github.com/users/pergesu/subscriptions",
    "organizations_url": "https://api.github.com/users/pergesu/orgs",
    "repos_url": "https://api.github.com/users/pergesu/repos",
    "events_url": "https://api.github.com/users/pergesu/events{/privacy}",
    "received_events_url": "https://api.github.com/users/pergesu/received_events",
    "type": "User",
    "site_admin": false
  },
  {
    "login": "caplis",
    "id": 272,
    "avatar_url": "https://avatars.githubusercontent.com/u/272?v=3",
    "gravatar_id": "",
    "url": "https://api.github.com/users/caplis",
    "html_url": "https://github.com/caplis",
    "followers_url": "https://api.github.com/users/caplis/followers",
    "following_url": "https://api.github.com/users/caplis/following{/other_user}",
    "gists_url": "https://api.github.com/users/caplis/gists{/gist_id}",
    "starred_url": "https://api.github.com/users/caplis/starred{/owner}{/repo}",
    "subscriptions_url": "https://api.github.com/users/caplis/subscriptions",
    "organizations_url": "https://api.github.com/users/caplis/orgs",
    "repos_url": "https://api.github.com/users/caplis/repos",
    "events_url": "https://api.github.com/users/caplis/events{/privacy}",
    "received_events_url": "https://api.github.com/users/caplis/received_events",
    "type": "User",
    "site_admin": false
  },
  {
    "login": "jqr",
    "id": 273,
    "avatar_url": "https://avatars.githubusercontent.com/u/273?v=3",
    "gravatar_id": "",
    "url": "https://api.github.com/users/jqr",
    "html_url": "https://github.com/jqr",
    "followers_url": "https://api.github.com/users/jqr/followers",
    "following_url": "https://api.github.com/users/jqr/following{/other_user}",
    "gists_url": "https://api.github.com/users/jqr/gists{/gist_id}",
    "starred_url": "https://api.github.com/users/jqr/starred{/owner}{/repo}",
    "subscriptions_url": "https://api.github.com/users/jqr/subscriptions",
    "organizations_url": "https://api.github.com/users/jqr/orgs",
    "repos_url": "https://api.github.com/users/jqr/repos",
    "events_url": "https://api.github.com/users/jqr/events{/privacy}",
    "received_events_url": "https://api.github.com/users/jqr/received_events",
    "type": "User",
    "site_admin": false
  },
  {
    "login": "mattslack",
    "id": 274,
    "avatar_url": "https://avatars.githubusercontent.com/u/274?v=3",
    "gravatar_id": "",
    "url": "https://api.github.com/users/mattslack",
    "html_url": "https://github.com/mattslack",
    "followers_url": "https://api.github.com/users/mattslack/followers",
    "following_url": "https://api.github.com/users/mattslack/following{/other_user}",
    "gists_url": "https://api.github.com/users/mattslack/gists{/gist_id}",
    "starred_url": "https://api.github.com/users/mattslack/starred{/owner}{/repo}",
    "subscriptions_url": "https://api.github.com/users/mattslack/subscriptions",
    "organizations_url": "https://api.github.com/users/mattslack/orgs",
    "repos_url": "https://api.github.com/users/mattslack/repos",
    "events_url": "https://api.github.com/users/mattslack/events{/privacy}",
    "received_events_url": "https://api.github.com/users/mattslack/received_events",
    "type": "User",
    "site_admin": false
  },
  {
    "login": "tjogin",
    "id": 275,
    "avatar_url": "https://avatars.githubusercontent.com/u/275?v=3",
    "gravatar_id": "",
    "url": "https://api.github.com/users/tjogin",
    "html_url": "https://github.com/tjogin",
    "followers_url": "https://api.github.com/users/tjogin/followers",
    "following_url": "https://api.github.com/users/tjogin/following{/other_user}",
    "gists_url": "https://api.github.com/users/tjogin/gists{/gist_id}",
    "starred_url": "https://api.github.com/users/tjogin/starred{/owner}{/repo}",
    "subscriptions_url": "https://api.github.com/users/tjogin/subscriptions",
    "organizations_url": "https://api.github.com/users/tjogin/orgs",
    "repos_url": "https://api.github.com/users/tjogin/repos",
    "events_url": "https://api.github.com/users/tjogin/events{/privacy}",
    "received_events_url": "https://api.github.com/users/tjogin/received_events",
    "type": "User",
    "site_admin": false
  },
  {
    "login": "robbevan",
    "id": 276,
    "avatar_url": "https://avatars.githubusercontent.com/u/276?v=3",
    "gravatar_id": "",
    "url": "https://api.github.com/users/robbevan",
    "html_url": "https://github.com/robbevan",
    "followers_url": "https://api.github.com/users/robbevan/followers",
    "following_url": "https://api.github.com/users/robbevan/following{/other_user}",
    "gists_url": "https://api.github.com/users/robbevan/gists{/gist_id}",
    "starred_url": "https://api.github.com/users/robbevan/starred{/owner}{/repo}",
    "subscriptions_url": "https://api.github.com/users/robbevan/subscriptions",
    "organizations_url": "https://api.github.com/users/robbevan/orgs",
    "repos_url": "https://api.github.com/users/robbevan/repos",
    "events_url": "https://api.github.com/users/robbevan/events{/privacy}",
    "received_events_url": "https://api.github.com/users/robbevan/received_events",
    "type": "User",
    "site_admin": false
  },
  {
    "login": "marten",
    "id": 277,
    "avatar_url": "https://avatars.githubusercontent.com/u/277?v=3",
    "gravatar_id": "",
    "url": "https://api.github.com/users/marten",
    "html_url": "https://github.com/marten",
    "followers_url": "https://api.github.com/users/marten/followers",
    "following_url": "https://api.github.com/users/marten/following{/other_user}",
    "gists_url": "https://api.github.com/users/marten/gists{/gist_id}",
    "starred_url": "https://api.github.com/users/marten/starred{/owner}{/repo}",
    "subscriptions_url": "https://api.github.com/users/marten/subscriptions",
    "organizations_url": "https://api.github.com/users/marten/orgs",
    "repos_url": "https://api.github.com/users/marten/repos",
    "events_url": "https://api.github.com/users/marten/events{/privacy}",
    "received_events_url": "https://api.github.com/users/marten/received_events",
    "type": "User",
    "site_admin": false
  },
  {
    "login": "gnufied",
    "id": 278,
    "avatar_url": "https://avatars.githubusercontent.com/u/278?v=3",
    "gravatar_id": "",
    "url": "https://api.github.com/users/gnufied",
    "html_url": "https://github.com/gnufied",
    "followers_url": "https://api.github.com/users/gnufied/followers",
    "following_url": "https://api.github.com/users/gnufied/following{/other_user}",
    "gists_url": "https://api.github.com/users/gnufied/gists{/gist_id}",
    "starred_url": "https://api.github.com/users/gnufied/starred{/owner}{/repo}",
    "subscriptions_url": "https://api.github.com/users/gnufied/subscriptions",
    "organizations_url": "https://api.github.com/users/gnufied/orgs",
    "repos_url": "https://api.github.com/users/gnufied/repos",
    "events_url": "https://api.github.com/users/gnufied/events{/privacy}",
    "received_events_url": "https://api.github.com/users/gnufied/received_events",
    "type": "User",
    "site_admin": false
  }
]
